{ "cube":
    [
        [[-1, -1, -1], [-1, 1, -1]],
        [[-1, 1, -1], [1, 1, -1]],
        [[1, 1, -1], [1, -1, -1]],
        [[1, -1, -1], [-1, -1, -1]],
        [[-1, -1, 1], [-1, 1, 1]],
        [[-1, 1, 1], [1, 1, 1]],
        [[1, 1, 1], [1, -1, 1]],
        [[1, -1, 1], [-1, -1, 1]],
        [[-1, -1, -1], [-1, -1, 1]],
        [[-1, 1, -1], [-1, 1, 1]],
        [[1, -1, -1], [1, -1, 1]],
        [[1, 1, -1], [1, 1, 1]]
    ],
  "octahedron":
    [
        [[1, 0, 0], [0, 0, 1]],
        [[1, 0, 0], [0, 0, -1]],
        [[1, 0, 0], [0, 1, 0]],
        [[1, 0, 0], [0, -1, 0]],
        [[0, 1, 0], [0, 0, 1]],
        [[0, 0, 1], [0, -1, 0]],
        [[0, -1, 0], [0, 0, -1]],
        [[0, 0, -1], [0, 1, 0]],
        [[-1, 0, 0], [0, 0, 1]],
        [[-1, 0, 0], [0, 0, -1]],
        [[-1, 0, 0], [0, 1, 0]],
        [[-1, 0, 0], [0, -1, 0]]
    ],
  "tetrahedron":
    [
        [[1, 1, 1], [-1, -1, 1]],
        [[1, -1, -1], [-1, 1, -1]],
        [[1, 1, 1], [1, -1, -1]],
        [[1, 1, 1], [-1, 1, -1]],
        [[-1, -1, 1], [1, -1, -1]],
        [[-1, -1, 1], [-1, 1, -1]]
    ],
  "icosahedron":
    [
        [[-0.6180339887498949, 0, -1], [0.6180339887498949, 0, -1]],
        [[-0.6180339887498949, 0, 1], [0.6180339887498949, 0, 1]],
        [[-1, -0.6180339887498949, 0], [-1, 0.6180339887498949, 0]],
        [[1, -0.6180339887498949, 0], [1, 0.6180339887498949, 0]],
        [[0, -1, -0.6180339887498949], [0, -1, 0.6180339887498949]],
        [[0, 1, -0.6180339887498949], [0, 1, 0.6180339887498949]],
        
        [[-0.6180339887498949, 0, -1], [0, -1, -0.6180339887498949]],
        [[-0.6180339887498949, 0, -1], [0, 1, -0.6180339887498949]],
        [[0.6180339887498949, 0, -1], [0, -1, -0.6180339887498949]],
        [[0.6180339887498949, 0, -1], [0, 1, -0.6180339887498949]],
        [[-0.6180339887498949, 0, 1], [0, -1, 0.6180339887498949]],
        [[-0.6180339887498949, 0, 1], [0, 1, 0.6180339887498949]],
        [[0.6180339887498949, 0, 1], [0, -1, 0.6180339887498949]],
        [[0.6180339887498949, 0, 1], [0, 1, 0.6180339887498949]],
        
        [[-1, -0.6180339887498949, 0], [-0.6180339887498949, 0, -1]],
        [[-1, -0.6180339887498949, 0], [-0.6180339887498949, 0, 1]],
        [[-1, 0.6180339887498949, 0], [-0.6180339887498949, 0, -1]],
        [[-1, 0.6180339887498949, 0], [-0.6180339887498949, 0, 1]],
        [[1, -0.6180339887498949, 0], [0.6180339887498949, 0, -1]],
        [[1, -0.6180339887498949, 0], [0.6180339887498949, 0, 1]],
        [[1, 0.6180339887498949, 0], [0.6180339887498949, 0, -1]],
        [[1, 0.6180339887498949, 0], [0.6180339887498949, 0, 1]],
        
        [[0, -1, -0.6180339887498949], [-1, -0.6180339887498949, 0]],
        [[0, -1, -0.6180339887498949], [1, -0.6180339887498949, 0]],
        [[0, -1, 0.6180339887498949], [-1, -0.6180339887498949, 0]],
        [[0, -1, 0.6180339887498949], [1, -0.6180339887498949, 0]],
        [[0, 1, -0.6180339887498949], [-1, 0.6180339887498949, 0]],
        [[0, 1, -0.6180339887498949], [1, 0.6180339887498949, 0]],
        [[0, 1, 0.6180339887498949], [-1, 0.6180339887498949, 0]],
        [[0, 1, 0.6180339887498949], [1, 0.6180339887498949, 0]]
    ]
}